{
  "n_agents": 10000.0,
  "total_pop": null,
  "pop_scale": null,
  "use_multiscale": false,
  "ms_agent_ratio": 1,
  "network": "default",
  "location": null,
  "lx": null,
  "birth_rates": [
    [
      1960.0,
      1961.0,
      1962.0,
      1963.0,
      1964.0,
      1965.0,
      1966.0,
      1967.0,
      1968.0,
      1969.0,
      1970.0,
      1971.0,
      1972.0,
      1973.0,
      1974.0,
      1975.0,
      1976.0,
      1977.0,
      1978.0,
      1979.0,
      1980.0,
      1981.0,
      1982.0,
      1983.0,
      1984.0,
      1985.0,
      1986.0,
      1987.0,
      1988.0,
      1989.0,
      1990.0,
      1991.0,
      1992.0,
      1993.0,
      1994.0,
      1995.0,
      1996.0,
      1997.0,
      1998.0,
      1999.0,
      2000.0,
      2001.0,
      2002.0,
      2003.0,
      2004.0,
      2005.0,
      2006.0,
      2007.0,
      2008.0,
      2009.0,
      2010.0,
      2011.0,
      2012.0,
      2013.0,
      2014.0,
      2015.0,
      2016.0,
      2017.0,
      2018.0,
      2019.0
    ],
    [
      51.156,
      51.068,
      50.976,
      50.887,
      50.807,
      50.748,
      50.723,
      50.731,
      50.768,
      50.825,
      50.887,
      50.938,
      50.958,
      50.935,
      50.859,
      50.732,
      50.56,
      50.356,
      50.125,
      49.863,
      49.564,
      49.219,
      48.817,
      48.349,
      47.808,
      47.171,
      46.409,
      45.529,
      44.56,
      43.544,
      42.56,
      41.698,
      41.015,
      40.542,
      40.28,
      40.196,
      40.226,
      40.282,
      40.289,
      40.212,
      40.037,
      39.777,
      39.468,
      39.135,
      38.773,
      38.366,
      37.89,
      37.33,
      36.678,
      35.942,
      35.128,
      34.249,
      33.333,
      32.415,
      31.522,
      30.688,
      29.943,
      29.296,
      28.748,
      28.298
    ]
  ],
  "init_hpv_prev": {
    "age_brackets": [
      12,
      17,
      24,
      34,
      44,
      64,
      80,
      150
    ],
    "m": [
      0.0,
      0.05,
      0.07,
      0.05,
      0.02,
      0.01,
      0.0005,
      0.0
    ],
    "f": [
      0.0,
      0.05,
      0.07,
      0.05,
      0.02,
      0.01,
      0.0005,
      0.0
    ]
  },
  "init_hpv_dist": null,
  "start": 2000,
  "end": null,
  "n_years": 40,
  "burnin": 5,
  "dt": 0.2,
  "dt_demog": 1.0,
  "rand_seed": 2,
  "verbose": 0,
  "use_waning": false,
  "use_migration": true,
  "model_hiv": false,
  "debut": {
    "f": {
      "dist": "normal",
      "par1": 18.6,
      "par2": 2.1
    },
    "m": {
      "dist": "normal",
      "par1": 19.6,
      "par2": 1.8
    }
  },
  "cross_layer": 0.05,
  "partners": {
    "m": {
      "dist": "poisson",
      "par1": 0.1
    },
    "c": {
      "dist": "poisson",
      "par1": 0.5
    },
    "o": {
      "dist": "poisson",
      "par1": 0.0
    }
  },
  "acts": {
    "m": {
      "dist": "neg_binomial",
      "par1": 80,
      "par2": 40
    },
    "c": {
      "dist": "neg_binomial",
      "par1": 10,
      "par2": 5
    },
    "o": {
      "dist": "neg_binomial",
      "par1": 1,
      "par2": 0.01
    }
  },
  "condoms": {
    "m": 0.01,
    "c": 0.5,
    "o": 0.6
  },
  "layer_probs": {
    "m": [
      [
        0.0,
        5.0,
        10.0,
        15.0,
        20.0,
        25.0,
        30.0,
        35.0,
        40.0,
        45.0,
        50.0,
        55.0,
        60.0,
        65.0,
        70.0,
        75.0
      ],
      [
        0.0,
        0.0,
        0.04,
        0.1,
        0.1,
        0.5,
        0.6,
        0.7,
        0.75,
        0.65,
        0.55,
        0.4,
        0.4,
        0.4,
        0.4,
        0.4
      ],
      [
        0.0,
        0.0,
        0.01,
        0.01,
        0.1,
        0.5,
        0.6,
        0.7,
        0.7,
        0.7,
        0.7,
        0.8,
        0.7,
        0.6,
        0.5,
        0.6
      ]
    ],
    "c": [
      [
        0.0,
        5.0,
        10.0,
        15.0,
        20.0,
        25.0,
        30.0,
        35.0,
        40.0,
        45.0,
        50.0,
        55.0,
        60.0,
        65.0,
        70.0,
        75.0
      ],
      [
        0.0,
        0.0,
        0.1,
        0.7,
        0.8,
        0.6,
        0.6,
        0.5,
        0.2,
        0.05,
        0.01,
        0.01,
        0.01,
        0.01,
        0.01,
        0.01
      ],
      [
        0.0,
        0.0,
        0.05,
        0.7,
        0.8,
        0.6,
        0.6,
        0.5,
        0.5,
        0.4,
        0.3,
        0.1,
        0.05,
        0.01,
        0.01,
        0.01
      ]
    ],
    "o": [
      [
        0.0,
        5.0,
        10.0,
        15.0,
        20.0,
        25.0,
        30.0,
        35.0,
        40.0,
        45.0,
        50.0,
        55.0,
        60.0,
        65.0,
        70.0,
        75.0
      ],
      [
        0.0,
        0.0,
        0.01,
        0.05,
        0.05,
        0.04,
        0.03,
        0.02,
        0.01,
        0.01,
        0.01,
        0.01,
        0.01,
        0.01,
        0.01,
        0.01
      ],
      [
        0.0,
        0.0,
        0.01,
        0.01,
        0.01,
        0.02,
        0.03,
        0.04,
        0.05,
        0.05,
        0.03,
        0.02,
        0.01,
        0.01,
        0.01,
        0.01
      ]
    ]
  },
  "dur_pship": {
    "m": {
      "dist": "normal_pos",
      "par1": 8,
      "par2": 3
    },
    "c": {
      "dist": "normal_pos",
      "par1": 1,
      "par2": 1
    },
    "o": {
      "dist": "normal_pos",
      "par1": 0.1,
      "par2": 0.05
    }
  },
  "mixing": {
    "m": [
      [
        0.0,
        0.0,
        0.0,
        0.0,
        0.0,
        0.0,
        0.0,
        0.0,
        0.0,
        0.0,
        0.0,
        0.0,
        0.0,
        0.0,
        0.0,
        0.0,
        0.0
      ],
      [
        5.0,
        0.0,
        0.0,
        0.0,
        0.0,
        0.0,
        0.0,
        0.0,
        0.0,
        0.0,
        0.0,
        0.0,
        0.0,
        0.0,
        0.0,
        0.0,
        0.0
      ],
      [
        10.0,
        0.0,
        0.0,
        0.1,
        0.0,
        0.0,
        0.0,
        0.0,
        0.0,
        0.0,
        0.0,
        0.0,
        0.0,
        0.0,
        0.0,
        0.0,
        0.0
      ],
      [
        15.0,
        0.0,
        0.0,
        0.1,
        0.1,
        0.0,
        0.0,
        0.0,
        0.0,
        0.0,
        0.0,
        0.0,
        0.0,
        0.0,
        0.0,
        0.0,
        0.0
      ],
      [
        20.0,
        0.0,
        0.0,
        0.1,
        0.1,
        0.1,
        0.1,
        0.0,
        0.0,
        0.0,
        0.0,
        0.0,
        0.0,
        0.0,
        0.0,
        0.0,
        0.0
      ],
      [
        25.0,
        0.0,
        0.0,
        0.5,
        0.1,
        0.5,
        0.1,
        0.1,
        0.0,
        0.0,
        0.0,
        0.0,
        0.0,
        0.0,
        0.0,
        0.0,
        0.0
      ],
      [
        30.0,
        0.0,
        0.0,
        1.0,
        0.5,
        0.5,
        0.5,
        0.5,
        0.1,
        0.0,
        0.0,
        0.0,
        0.0,
        0.0,
        0.0,
        0.0,
        0.0
      ],
      [
        35.0,
        0.0,
        0.0,
        0.5,
        1.0,
        1.0,
        0.5,
        1.0,
        1.0,
        0.5,
        0.0,
        0.0,
        0.0,
        0.0,
        0.0,
        0.0,
        0.0
      ],
      [
        40.0,
        0.0,
        0.0,
        0.0,
        0.5,
        1.0,
        1.0,
        1.0,
        1.0,
        1.0,
        0.5,
        0.0,
        0.0,
        0.0,
        0.0,
        0.0,
        0.0
      ],
      [
        45.0,
        0.0,
        0.0,
        0.0,
        0.0,
        0.1,
        1.0,
        1.0,
        2.0,
        1.0,
        1.0,
        0.5,
        0.0,
        0.0,
        0.0,
        0.0,
        0.0
      ],
      [
        50.0,
        0.0,
        0.0,
        0.0,
        0.0,
        0.0,
        0.1,
        1.0,
        1.0,
        1.0,
        1.0,
        2.0,
        0.5,
        0.0,
        0.0,
        0.0,
        0.0
      ],
      [
        55.0,
        0.0,
        0.0,
        0.0,
        0.0,
        0.0,
        0.0,
        0.1,
        1.0,
        1.0,
        1.0,
        1.0,
        2.0,
        0.5,
        0.0,
        0.0,
        0.0
      ],
      [
        60.0,
        0.0,
        0.0,
        0.0,
        0.0,
        0.0,
        0.0,
        0.0,
        0.1,
        0.5,
        1.0,
        1.0,
        1.0,
        2.0,
        0.5,
        0.0,
        0.0
      ],
      [
        65.0,
        0.0,
        0.0,
        0.0,
        0.0,
        0.0,
        0.0,
        0.0,
        0.0,
        0.0,
        0.0,
        1.0,
        1.0,
        1.0,
        2.0,
        0.5,
        0.0
      ],
      [
        70.0,
        0.0,
        0.0,
        0.0,
        0.0,
        0.0,
        0.0,
        0.0,
        0.0,
        0.0,
        0.0,
        0.0,
        1.0,
        1.0,
        1.0,
        1.0,
        0.5
      ],
      [
        75.0,
        0.0,
        0.0,
        0.0,
        0.0,
        0.0,
        0.0,
        0.0,
        0.0,
        0.0,
        0.0,
        0.0,
        0.0,
        1.0,
        1.0,
        1.0,
        1.0
      ]
    ],
    "c": [
      [
        0.0,
        0.0,
        0.0,
        0.0,
        0.0,
        0.0,
        0.0,
        0.0,
        0.0,
        0.0,
        0.0,
        0.0,
        0.0,
        0.0,
        0.0,
        0.0,
        0.0
      ],
      [
        5.0,
        0.0,
        0.0,
        0.0,
        0.0,
        0.0,
        0.0,
        0.0,
        0.0,
        0.0,
        0.0,
        0.0,
        0.0,
        0.0,
        0.0,
        0.0,
        0.0
      ],
      [
        10.0,
        0.0,
        0.0,
        1.0,
        0.0,
        0.0,
        0.0,
        0.0,
        0.0,
        0.0,
        0.0,
        0.0,
        0.0,
        0.0,
        0.0,
        0.0,
        0.0
      ],
      [
        15.0,
        0.0,
        0.0,
        1.0,
        1.0,
        1.0,
        1.0,
        0.0,
        0.0,
        0.0,
        0.0,
        0.0,
        0.0,
        0.0,
        0.0,
        0.0,
        0.0
      ],
      [
        20.0,
        0.0,
        0.0,
        0.5,
        1.0,
        1.0,
        1.0,
        1.0,
        0.0,
        0.0,
        0.0,
        0.0,
        0.0,
        0.0,
        0.0,
        0.0,
        0.0
      ],
      [
        25.0,
        0.0,
        0.0,
        0.0,
        1.0,
        1.0,
        1.0,
        1.0,
        1.0,
        0.0,
        0.0,
        0.0,
        0.0,
        0.0,
        0.0,
        0.0,
        0.0
      ],
      [
        30.0,
        0.0,
        0.0,
        0.0,
        0.5,
        1.0,
        1.0,
        1.0,
        0.5,
        0.0,
        0.0,
        0.0,
        0.0,
        0.0,
        0.0,
        0.0,
        0.0
      ],
      [
        35.0,
        0.0,
        0.0,
        0.0,
        0.5,
        1.0,
        1.0,
        1.0,
        1.0,
        0.5,
        0.0,
        0.0,
        0.0,
        0.0,
        0.0,
        0.0,
        0.0
      ],
      [
        40.0,
        0.0,
        0.0,
        0.0,
        0.0,
        0.5,
        1.0,
        1.0,
        1.0,
        1.0,
        0.5,
        0.0,
        0.0,
        0.0,
        0.0,
        0.0,
        0.0
      ],
      [
        45.0,
        0.0,
        0.0,
        0.0,
        0.0,
        0.0,
        1.0,
        1.0,
        1.0,
        1.0,
        1.0,
        0.5,
        0.0,
        0.0,
        0.0,
        0.0,
        0.0
      ],
      [
        50.0,
        0.0,
        0.0,
        0.0,
        0.0,
        0.0,
        0.5,
        1.0,
        1.0,
        1.0,
        1.0,
        1.0,
        0.5,
        0.0,
        0.0,
        0.0,
        0.0
      ],
      [
        55.0,
        0.0,
        0.0,
        0.0,
        0.0,
        0.0,
        0.0,
        0.0,
        1.0,
        1.0,
        1.0,
        1.0,
        1.0,
        0.5,
        0.0,
        0.0,
        0.0
      ],
      [
        60.0,
        0.0,
        0.0,
        0.0,
        0.0,
        0.0,
        0.0,
        0.0,
        0.0,
        1.0,
        1.0,
        1.0,
        1.0,
        1.0,
        0.5,
        0.0,
        0.0
      ],
      [
        65.0,
        0.0,
        0.0,
        0.0,
        0.0,
        0.0,
        0.0,
        0.0,
        0.0,
        0.0,
        1.0,
        1.0,
        1.0,
        1.0,
        2.0,
        0.5,
        0.0
      ],
      [
        70.0,
        0.0,
        0.0,
        0.0,
        0.0,
        0.0,
        0.0,
        0.0,
        0.0,
        0.0,
        0.0,
        1.0,
        1.0,
        1.0,
        1.0,
        1.0,
        0.5
      ],
      [
        75.0,
        0.0,
        0.0,
        0.0,
        0.0,
        0.0,
        0.0,
        0.0,
        0.0,
        0.0,
        0.0,
        0.0,
        1.0,
        1.0,
        1.0,
        1.0,
        1.0
      ]
    ],
    "o": [
      [
        0.0,
        0.0,
        0.0,
        0.0,
        0.0,
        0.0,
        0.0,
        0.0,
        0.0,
        0.0,
        0.0,
        0.0,
        0.0,
        0.0,
        0.0,
        0.0,
        0.0
      ],
      [
        5.0,
        0.0,
        0.0,
        0.0,
        0.0,
        0.0,
        0.0,
        0.0,
        0.0,
        0.0,
        0.0,
        0.0,
        0.0,
        0.0,
        0.0,
        0.0,
        0.0
      ],
      [
        10.0,
        0.0,
        0.0,
        1.0,
        0.0,
        0.0,
        0.0,
        0.0,
        0.0,
        0.0,
        0.0,
        0.0,
        0.0,
        0.0,
        0.0,
        0.0,
        0.0
      ],
      [
        15.0,
        0.0,
        0.0,
        1.0,
        1.0,
        0.5,
        0.0,
        0.0,
        0.0,
        0.0,
        0.0,
        0.0,
        0.0,
        0.0,
        0.0,
        0.0,
        0.0
      ],
      [
        20.0,
        0.0,
        0.0,
        0.5,
        1.0,
        1.0,
        0.5,
        0.0,
        0.0,
        0.0,
        0.0,
        0.0,
        0.0,
        0.0,
        0.0,
        0.0,
        0.0
      ],
      [
        25.0,
        0.0,
        0.0,
        0.0,
        1.0,
        1.0,
        1.0,
        0.5,
        0.0,
        0.0,
        0.0,
        0.0,
        0.0,
        0.0,
        0.0,
        0.0,
        0.0
      ],
      [
        30.0,
        0.0,
        0.0,
        0.0,
        0.0,
        1.0,
        1.0,
        1.0,
        0.5,
        0.0,
        0.0,
        0.0,
        0.0,
        0.0,
        0.0,
        0.0,
        0.0
      ],
      [
        35.0,
        0.0,
        0.0,
        0.0,
        0.0,
        1.0,
        1.0,
        1.0,
        1.0,
        0.5,
        0.0,
        0.0,
        0.0,
        0.0,
        0.0,
        0.0,
        0.0
      ],
      [
        40.0,
        0.0,
        0.0,
        0.0,
        0.0,
        0.0,
        1.0,
        1.0,
        1.0,
        1.0,
        0.5,
        0.0,
        0.0,
        0.0,
        0.0,
        0.0,
        0.0
      ],
      [
        45.0,
        0.0,
        0.0,
        0.0,
        0.0,
        0.0,
        1.0,
        1.0,
        1.0,
        1.0,
        1.0,
        0.5,
        0.0,
        0.0,
        0.0,
        0.0,
        0.0
      ],
      [
        50.0,
        0.0,
        0.0,
        0.0,
        0.0,
        0.0,
        0.0,
        1.0,
        1.0,
        1.0,
        1.0,
        1.0,
        0.5,
        0.0,
        0.0,
        0.0,
        0.0
      ],
      [
        55.0,
        0.0,
        0.0,
        0.0,
        0.0,
        0.0,
        0.0,
        0.0,
        1.0,
        1.0,
        1.0,
        1.0,
        1.0,
        0.5,
        0.0,
        0.0,
        0.0
      ],
      [
        60.0,
        0.0,
        0.0,
        0.0,
        0.0,
        0.0,
        0.0,
        0.0,
        0.0,
        1.0,
        1.0,
        1.0,
        1.0,
        1.0,
        0.5,
        0.0,
        0.0
      ],
      [
        65.0,
        0.0,
        0.0,
        0.0,
        0.0,
        0.0,
        0.0,
        0.0,
        0.0,
        0.0,
        1.0,
        1.0,
        1.0,
        1.0,
        2.0,
        0.5,
        0.0
      ],
      [
        70.0,
        0.0,
        0.0,
        0.0,
        0.0,
        0.0,
        0.0,
        0.0,
        0.0,
        0.0,
        0.0,
        1.0,
        1.0,
        1.0,
        1.0,
        1.0,
        0.5
      ],
      [
        75.0,
        0.0,
        0.0,
        0.0,
        0.0,
        0.0,
        0.0,
        0.0,
        0.0,
        0.0,
        0.0,
        0.0,
        1.0,
        1.0,
        1.0,
        1.0,
        1.0
      ]
    ]
  },
  "n_partner_types": 3,
  "beta_dist": {
    "dist": "neg_binomial",
    "par1": 1.0,
    "par2": 1.0,
    "step": 0.01
  },
  "beta": 0.25,
  "transf2m": 1.0,
  "transm2f": 3.69,
  "severity_dist": {
    "dist": "lognormal",
    "par1": null,
    "par2": 0.1
  },
  "clinical_cutoffs": {
    "cin1": 0.33,
    "cin2": 0.67,
    "cin3": 0.99
  },
  "cancer_treat_prob": 0.1,
  "hpv_control_prob": 0.44,
  "hpv_reactivation": 0.025,
  "imm_init": {
    "dist": "beta",
    "par1": 5,
    "par2": 3
  },
  "imm_decay": {
    "form": null
  },
  "imm_kin": null,
  "imm_boost": [],
  "immunity": null,
  "immunity_map": null,
  "genotypes": [
    16,
    18
  ],
  "genotype_map": {},
  "genotype_pars": {},
  "n_genotypes": 1,
  "n_imm_sources": 1,
  "vaccine_pars": {},
  "vaccine_map": {},
  "screen_pars": {},
  "treat_pars": {},
  "dur_cancer": {
    "dist": "lognormal",
    "par1": 12.0,
    "par2": 3.0
  },
  "rel_trans": {
    "precin": 1,
    "cin1": 1,
    "cin2": 1,
    "cin3": 1,
    "cancerous": 0.5
  },
  "eff_condoms": 0.7,
  "hiv_pars": {
    "rel_sus": 2.2,
    "dysp_rate": 2,
    "prog_rate": 2,
    "reactivation_prob": 3
  },
  "interventions": [
    {
      "which": "routine_screening",
      "pars": {
        "product": "via",
        "prob": null,
        "eligibility": null,
        "label": "screen"
      }
    },
    {
      "which": "routine_triage",
      "pars": {
        "product": "via_triage",
        "prob": null,
        "eligibility": null,
        "age_range": null,
        "label": "triage"
      }
    },
    {
      "which": "routine_triage",
      "pars": {
        "product": "tx_assigner",
        "prob": null,
        "eligibility": null,
        "age_range": null,
        "label": "assign_tx"
      }
    },
    {
      "which": "treat_num",
      "pars": {
        "product": "ablation",
        "prob": 0.02,
        "eligibility": null,
        "age_range": null
      }
    },
    {
      "which": "treat_delay",
      "pars": {
        "product": "excision",
        "prob": 0.02,
        "eligibility": null,
        "age_range": null
      }
    },
    {
      "which": "routine_vx",
      "pars": {
        "product": "bivalent",
        "prob": null,
        "age_range": null,
        "sex": 0,
        "eligibility": null,
        "label": null
      }
    },
    {
      "which": "routine_txvx",
      "pars": {
        "product": "txvx1",
        "prob": null,
        "eligibility": null,
        "age_range": null
      }
    }
  ],
  "analyzers": [],
  "timelimit": null,
  "stopping_func": null,
  "standard_pop": [
    [
      0.0,
      5.0,
      10.0,
      15.0,
      20.0,
      25.0,
      30.0,
      35.0,
      40.0,
      45.0,
      50.0,
      55.0,
      60.0,
      65.0,
      70.0,
      75.0,
      80.0,
      85.0,
      100.0
    ],
    [
      0.12,
      0.1,
      0.09,
      0.09,
      0.08,
      0.08,
      0.06,
      0.06,
      0.06,
      0.06,
      0.05,
      0.04,
      0.04,
      0.03,
      0.02,
      0.01,
      0.005,
      0.005,
      0.0
    ]
  ],
  "version": null,
  "age_act_pars": {
    "m": {
      "peak": 35,
      "retirement": 75,
      "debut_ratio": 0.5,
      "retirement_ratio": 0.1
    },
    "c": {
      "peak": 25,
      "retirement": 75,
      "debut_ratio": 0.5,
      "retirement_ratio": 0.1
    },
    "o": {
      "peak": 25,
      "retirement": 50,
      "debut_ratio": 0.5,
      "retirement_ratio": 0.1
    }
  },
  "death_rates": {
    "1990": {
      "m": [
        [
          0.0,
          0.0721044
        ],
        [
          1.0,
          0.01065404
        ],
        [
          5.0,
          0.00282956
        ],
        [
          10.0,
          0.00192161
        ],
        [
          15.0,
          0.00273354
        ],
        [
          20.0,
          0.00408101
        ],
        [
          25.0,
          0.00489024
        ],
        [
          30.0,
          0.00592533
        ],
        [
          35.0,
          0.00747205
        ],
        [
          40.0,
          0.00936523
        ],
        [
          45.0,
          0.01193168
        ],
        [
          50.0,
          0.01584769
        ],
        [
          55.0,
          0.02093917
        ],
        [
          60.0,
          0.0301005
        ],
        [
          65.0,
          0.04274873
        ],
        [
          70.0,
          0.06153014
        ],
        [
          75.0,
          0.08988393
        ],
        [
          80.0,
          0.13384614
        ],
        [
          85.0,
          0.19983915
        ],
        [
          90.0,
          0.28229192
        ],
        [
          95.0,
          0.38419482
        ],
        [
          100.0,
          0.49952545
        ]
      ],
      "f": [
        [
          0.0,
          0.06501887
        ],
        [
          1.0,
          0.00908511
        ],
        [
          5.0,
          0.00241862
        ],
        [
          10.0,
          0.00171221
        ],
        [
          15.0,
          0.00234092
        ],
        [
          20.0,
          0.00323108
        ],
        [
          25.0,
          0.00407927
        ],
        [
          30.0,
          0.0049329
        ],
        [
          35.0,
          0.00601794
        ],
        [
          40.0,
          0.00726001
        ],
        [
          45.0,
          0.00883784
        ],
        [
          50.0,
          0.01168622
        ],
        [
          55.0,
          0.01570833
        ],
        [
          60.0,
          0.02338213
        ],
        [
          65.0,
          0.03480954
        ],
        [
          70.0,
          0.05221563
        ],
        [
          75.0,
          0.07716819
        ],
        [
          80.0,
          0.11523265
        ],
        [
          85.0,
          0.17457906
        ],
        [
          90.0,
          0.25035197
        ],
        [
          95.0,
          0.34646801
        ],
        [
          100.0,
          0.46195778
        ]
      ]
    }
  }
}